https://www.goat.com//sneakers/yeezy-slides-dark-onyx-id5103,"https://image.goat.com/transform/v1/attachments/product_template_additional_pictures/images/094/374/199/original/1213732_01.jpg.jpeg?action=crop&width=750
https://image.goat.com/transform/v1/attachments/product_template_additional_pictures/images/094/374/201/original/1213732_02.jpg.jpeg?action=crop&width=750
https://image.goat.com/transform/v1/attachments/product_template_additional_pictures/images/094/374/203/original/1213732_03.jpg.jpeg?action=crop&width=750
https://image.goat.com/transform/v1/attachments/product_template_additional_pictures/images/094/374/204/original/1213732_04.jpg.jpeg?action=crop&width=750
https://image.goat.com/transform/v1/attachments/product_template_additional_pictures/images/094/374/205/original/1213732_05.jpg.jpeg?action=crop&width=750
https://image.goat.com/transform/v1/attachments/product_template_additional_pictures/images/094/374/208/original/1213732_06.jpg.jpeg?action=crop&width=750
https://image.goat.com/transform/v1/attachments/product_template_additional_pictures/images/094/374/209/original/1213732_07.jpg.jpeg?action=crop&width=750
https://image.goat.com/transform/v1/attachments/product_template_additional_pictures/images/094/374/210/original/1213732_08.jpg.jpeg?action=crop&width=750",Yeezy Slides 'Dark Onyx',03-08-2024,ID5103,Kanye West,Dark Onyx,EVA,Dark Onyx/Dark Onyx/Dark Onyx,Black,EVA,"instant -> $98, instant -> $130, instant -> $140","8, 9, 10, 11, 12, 13, 14, 15, 16, 17, 18, 19, 20, 3, 4, 5, 6, 7, 8, 9, 10, 11, 12, 13, 14, 15, 16, 17, 18, 19, 20, 3, 4, 5, 6, 7, 8, 9, 10, 11, 12, 13, 14, 15","$127, $116, $113, $107, $98, $98, $104, $133, $130, Offer, Offer, Offer, Offer, Offer, $150, $122, $128, $133, $127, $116, $113, $107, $98, $98, $104, $133, $130, Offer, Offer, Offer, Offer, Offer, $150, $122, $128, $133, $127, $116, $113, $107, $98, $98, $104, $133"
https://www.goat.com//sneakers/yeezy-slides-flax-yzy-sld-flax,"https://image.goat.com/transform/v1/attachments/product_template_additional_pictures/images/078/855/973/original/994557_01.jpg.jpeg?action=crop&width=750
https://image.goat.com/transform/v1/attachments/product_template_additional_pictures/images/076/971/441/original/994557_02.jpg.jpeg?action=crop&width=750
https://image.goat.com/transform/v1/attachments/product_template_additional_pictures/images/076/971/442/original/994557_03.jpg.jpeg?action=crop&width=750
https://image.goat.com/transform/v1/attachments/product_template_additional_pictures/images/076/971/444/original/994557_04.jpg.jpeg?action=crop&width=750
https://image.goat.com/transform/v1/attachments/product_template_additional_pictures/images/076/971/447/original/994557_05.jpg.jpeg?action=crop&width=750
https://image.goat.com/transform/v1/attachments/product_template_additional_pictures/images/076/971/446/original/994557_06.jpg.jpeg?action=crop&width=750
https://image.goat.com/transform/v1/attachments/product_template_additional_pictures/images/076/971/449/original/994557_07.jpg.jpeg?action=crop&width=750
https://image.goat.com/transform/v1/attachments/product_template_additional_pictures/images/076/971/451/original/994557_08.jpg.jpeg?action=crop&width=750
https://image.goat.com/transform/v1/attachments/product_template_additional_pictures/images/076/971/457/original/994557_11.jpg.jpeg?action=crop&width=750
https://image.goat.com/transform/v1/attachments/product_template_additional_pictures/images/076/971/458/original/994557_12.jpg.jpeg?action=crop&width=750",Yeezy Slides 'Flax',08-23-2022,FZ5896,Kanye West,Flax,EVA,Flax/Flax/Flax,Tan,EVA,"instant -> $93, instant -> $105, instant -> $105","11.5, 12, 12.5, 13, 13.5, 14, 14.5, 15, 16, 17, 18, 19, 20, 3, 3.5, 4, 4.5, 5, 5.5, 6, 6.5, 7, 7.5, 8, 8.5, 9, 9.5, 10, 10.5, 11, 11.5, 12, 12.5, 13, 13.5, 14, 14.5, 15, 16, 17, 18, 19, 20, 3, 3.5, 4, 4.5, 5, 5.5, 6, 6.5, 7, 7.5, 8, 8.5, 9","$139, $133, Offer, $154, Offer, $158, $248, $206, $198, Offer, Offer, Offer, Offer, Offer, Offer, $96, $155, $118, Offer, $117, Offer, $110, Offer, $96, $186, $93, $173, $99, Offer, $115, $139, $133, Offer, $154, Offer, $158, $248, $206, $198, Offer, Offer, Offer, Offer, Offer, Offer, $96, $155, $118, Offer, $117, Offer, $110, Offer, $96, $186, $93"
https://www.goat.com//sneakers/yeezy-boost-700-enflame-amber-yzy-700-enflame-amber,"https://image.goat.com/transform/v1/attachments/product_template_additional_pictures/images/055/176/692/original/764466_01.jpg.jpeg?action=crop&width=750
https://image.goat.com/transform/v1/attachments/product_template_additional_pictures/images/055/176/693/original/764466_02.jpg.jpeg?action=crop&width=750
https://image.goat.com/transform/v1/attachments/product_template_additional_pictures/images/055/176/695/original/764466_03.jpg.jpeg?action=crop&width=750
https://image.goat.com/transform/v1/attachments/product_template_additional_pictures/images/055/176/694/original/764466_04.jpg.jpeg?action=crop&width=750
https://image.goat.com/transform/v1/attachments/product_template_additional_pictures/images/055/176/697/original/764466_05.jpg.jpeg?action=crop&width=750
https://image.goat.com/transform/v1/attachments/product_template_additional_pictures/images/055/176/701/original/764466_06.jpg.jpeg?action=crop&width=750
https://image.goat.com/transform/v1/attachments/product_template_additional_pictures/images/055/176/715/original/764466_07.jpg.jpeg?action=crop&width=750
https://image.goat.com/transform/v1/attachments/product_template_additional_pictures/images/055/176/703/original/764466_08.jpg.jpeg?action=crop&width=750
https://image.goat.com/transform/v1/attachments/product_template_additional_pictures/images/055/225/265/original/764466_11.jpg.jpeg?action=crop&width=750
https://image.goat.com/transform/v1/attachments/product_template_additional_pictures/images/055/225/259/original/764466_12.jpg.jpeg?action=crop&width=750",Yeezy Boost 700 'Enflame Amber',06-12-2021,GW0297,Kanye West,Enflame Amber,Lifestyle,Enflame Amber/Enflame Amber/Enflame Amber,Tan,Boost,"instant -> $240, instant -> $303","11.5, 12, 12.5, 13, 13.5, 14, 14.5, 15, 16, 17, 18, 19, 20, 3, 3.5, 4, 4.5, 5, 5.5, 6, 6.5, 7, 7.5, 8, 8.5, 9, 9.5, 10, 10.5, 11, 11.5, 12, 12.5, 13, 13.5, 14, 14.5, 15, 16, 17, 18, 19, 20, 3, 3.5, 4, 4.5, 5, 5.5, 6, 6.5, 7, 7.5, 8, 8.5, 9","$346, $320, $346, $489, Offer, $480, $448, $307, Offer, Offer, Offer, Offer, Offer, Offer, Offer, $301, $346, $270, $319, $299, $371, $419, $313, $340, $295, $240, $294, $288, $284, $318, $346, $320, $346, $489, Offer, $480, $448, $307, Offer, Offer, Offer, Offer, Offer, Offer, Offer, $301, $346, $270, $319, $299, $371, $419, $313, $340, $295, $240"
https://www.goat.com//sneakers/yeezy-boost-350-v2-onyx-hq4540,"https://image.goat.com/transform/v1/attachments/product_template_additional_pictures/images/072/216/902/original/886847_01.jpg.jpeg?action=crop&width=750
https://image.goat.com/transform/v1/attachments/product_template_additional_pictures/images/072/216/901/original/886847_02.jpg.jpeg?action=crop&width=750
https://image.goat.com/transform/v1/attachments/product_template_additional_pictures/images/072/216/899/original/886847_03.jpg.jpeg?action=crop&width=750
https://image.goat.com/transform/v1/attachments/product_template_additional_pictures/images/072/216/897/original/886847_04.jpg.jpeg?action=crop&width=750
https://image.goat.com/transform/v1/attachments/product_template_additional_pictures/images/072/216/893/original/886847_05.jpg.jpeg?action=crop&width=750
https://image.goat.com/transform/v1/attachments/product_template_additional_pictures/images/072/216/895/original/886847_06.jpg.jpeg?action=crop&width=750
https://image.goat.com/transform/v1/attachments/product_template_additional_pictures/images/072/216/896/original/886847_07.jpg.jpeg?action=crop&width=750
https://image.goat.com/transform/v1/attachments/product_template_additional_pictures/images/072/216/889/original/886847_08.jpg.jpeg?action=crop&width=750
https://image.goat.com/transform/v1/attachments/product_template_additional_pictures/images/072/216/903/original/886847_11.jpg.jpeg?action=crop&width=750
https://image.goat.com/transform/v1/attachments/product_template_additional_pictures/images/072/216/904/original/886847_12.jpg.jpeg?action=crop&width=750",Yeezy Boost 350 V2 'Onyx',06-21-2022,HQ4540,Kanye West,Onyx,Boost,Onyx/Onyx/Onyx,Grey,Primeknit,"instant -> $238, instant -> $248, instant -> $282","11.5, 12, 12.5, 13, 13.5, 14, 14.5, 15, 16, 17, 18, 19, 20, 3, 3.5, 4, 4.5, 5, 5.5, 6, 6.5, 7, 7.5, 8, 8.5, 9, 9.5, 10, 10.5, 11, 11.5, 12, 12.5, 13, 13.5, 14, 14.5, 15, 16, 17, 18, 19, 20, 3, 3.5, 4, 4.5, 5, 5.5, 6, 6.5, 7, 7.5, 8, 8.5, 9","$285, $322, $295, $300, $313, $339, $335, $444, $408, $400, Offer, Offer, Offer, Offer, Offer, $270, $259, $255, $248, $256, $274, $277, $259, $257, $258, $243, $238, $241, $251, $270, $285, $322, $295, $300, $313, $339, $335, $444, $408, $400, Offer, Offer, Offer, Offer, Offer, $270, $259, $255, $248, $256, $274, $277, $259, $257, $258, $243"
https://www.goat.com//sneakers/yeezy-foam-runner-onyx-hp8739,"https://image.goat.com/transform/v1/attachments/product_template_additional_pictures/images/096/504/509/original/907868_01.jpg.jpeg?action=crop&width=750
https://image.goat.com/transform/v1/attachments/product_template_additional_pictures/images/096/504/513/original/907868_02.jpg.jpeg?action=crop&width=750
https://image.goat.com/transform/v1/attachments/product_template_additional_pictures/images/096/504/505/original/907868_03.jpg.jpeg?action=crop&width=750
https://image.goat.com/transform/v1/attachments/product_template_additional_pictures/images/096/504/507/original/907868_04.jpg.jpeg?action=crop&width=750
https://image.goat.com/transform/v1/attachments/product_template_additional_pictures/images/096/504/510/original/907868_05.jpg.jpeg?action=crop&width=750
https://image.goat.com/transform/v1/attachments/product_template_additional_pictures/images/096/504/504/original/907868_06.jpg.jpeg?action=crop&width=750
https://image.goat.com/transform/v1/attachments/product_template_additional_pictures/images/096/504/506/original/907868_07.jpg.jpeg?action=crop&width=750
https://image.goat.com/transform/v1/attachments/product_template_additional_pictures/images/096/504/508/original/907868_08.jpg.jpeg?action=crop&width=750",Yeezy Foam Runner 'Onyx',06-09-2022,HP8739,Kanye West,Onyx,EVA,Onyx/Onyx/Onyx,Black,EVA,"instant -> $100, instant -> $114, instant -> $95","4, 5, 6, 7, 8, 9, 10, 11, 12, 13, 14, 15, 16, 4, 5, 6, 7, 8, 9, 10, 11, 12, 13, 14, 15, 16, 4, 5, 6, 7, 8, 9, 10, 11, 12, 13, 14, 15, 16","$128, $128, $129, $120, $112, $117, $112, $103, $104, $100, $108, $117, $125, $128, $128, $129, $120, $112, $117, $112, $103, $104, $100, $108, $117, $125, $128, $128, $129, $120, $112, $117, $112, $103, $104, $100, $108, $117, $125"
